{"cameraMode":{"drawMode":0,"name":"Shaded","section":"Shading Mode"},"sceneLighting":true,"audioPlay":false,"sceneViewState":{"showFog":true,"showMaterialUpdate":false,"showSkybox":true,"showFlares":true,"showImageEffects":true,"showParticleSystems":true},"in2DMode":false,"pivot":{"x":-0.8117167949676514,"y":-0.2820250988006592,"z":-1.0},"rotation":{"x":-0.10377084463834763,"y":0.4320679306983948,"z":-0.05012626200914383,"w":-0.8944475650787354},"size":17.044578552246095,"orthographic":true}