{"cameraMode":{"drawMode":0,"name":"Shaded","section":"Shading Mode"},"sceneLighting":true,"audioPlay":false,"sceneViewState":{"showFog":false,"showMaterialUpdate":false,"showSkybox":false,"showFlares":false,"showImageEffects":false,"showParticleSystems":false},"in2DMode":false,"pivot":{"x":-343.5057373046875,"y":-186.58250427246095,"z":-10.0},"rotation":{"x":-0.05229678377509117,"y":-0.08229357749223709,"z":-0.0043244631960988049,"w":0.995225727558136},"size":319.9392395019531,"orthographic":true}