{"cameraMode":{"drawMode":0,"name":"Shaded","section":"Shading Mode"},"sceneLighting":true,"audioPlay":false,"sceneViewState":{"showFog":true,"showMaterialUpdate":true,"showSkybox":true,"showFlares":true,"showImageEffects":true,"showParticleSystems":true},"in2DMode":false,"pivot":{"x":-2.578805446624756,"y":1.785599708557129,"z":-153.35313415527345},"rotation":{"x":0.008999875746667385,"y":8.24665757903631e-9,"z":-1.0525027516194996e-9,"w":0.9999595284461975},"size":13.405165672302246,"orthographic":true}