{"cameraMode":{"drawMode":0,"name":"Shaded","section":"Shading Mode"},"sceneLighting":false,"audioPlay":false,"sceneViewState":{"showFog":true,"showMaterialUpdate":true,"showSkybox":false,"showFlares":true,"showImageEffects":true,"showParticleSystems":true},"in2DMode":false,"pivot":{"x":178.4249267578125,"y":144.70001220703126,"z":5.0},"rotation":{"x":-0.047945208847522739,"y":0.03894512355327606,"z":0.0018707774579524994,"w":0.9980887174606323},"size":496.77099609375,"orthographic":true}