{"cameraMode":{"drawMode":0,"name":"Shaded","section":"Shading Mode"},"sceneLighting":true,"audioPlay":false,"sceneViewState":{"showFog":true,"showMaterialUpdate":false,"showSkybox":true,"showFlares":true,"showImageEffects":true,"showParticleSystems":true},"in2DMode":false,"pivot":{"x":-3.82289981842041,"y":2.0746617317199709,"z":-1.8124704360961915},"rotation":{"x":0.07316304743289948,"y":-0.48775970935821535,"z":-0.04106857627630234,"w":-0.8689367175102234},"size":10.73077392578125,"orthographic":false}