{"cameraMode":{"drawMode":0,"name":"Shaded","section":"Shading Mode"},"sceneLighting":true,"audioPlay":false,"sceneViewState":{"showFog":false,"showMaterialUpdate":false,"showSkybox":false,"showFlares":false,"showImageEffects":false,"showParticleSystems":false},"in2DMode":false,"pivot":{"x":538.5152587890625,"y":200.41111755371095,"z":307.51513671875},"rotation":{"x":-0.03808913379907608,"y":-0.21357393264770509,"z":-0.008333636447787285,"w":0.976149320602417},"size":1946.77880859375,"orthographic":false}