{"cameraMode":{"drawMode":0,"name":"Shaded","section":"Shading Mode"},"sceneLighting":false,"audioPlay":false,"sceneViewState":{"showFog":true,"showMaterialUpdate":false,"showSkybox":false,"showFlares":true,"showImageEffects":true,"showParticleSystems":true},"in2DMode":false,"pivot":{"x":-1.1100000143051148,"y":2.319999933242798,"z":-1.0},"rotation":{"x":0.002148553729057312,"y":-0.6979244947433472,"z":0.002093642484396696,"w":0.7161651849746704},"size":6.647611141204834,"orthographic":true}