{"cameraMode":{"drawMode":0,"name":"Shaded","section":"Shading Mode"},"sceneLighting":false,"audioPlay":false,"sceneViewState":{"showFog":true,"showMaterialUpdate":false,"showSkybox":false,"showFlares":true,"showImageEffects":true,"showParticleSystems":true},"in2DMode":false,"pivot":{"x":-0.5550000667572022,"y":1.159999966621399,"z":-0.5},"rotation":{"x":0.002148553729057312,"y":-0.6979244947433472,"z":0.002093642484396696,"w":0.7161651849746704},"size":7.281437873840332,"orthographic":true}