{"cameraMode":{"drawMode":0,"name":"Shaded","section":"Shading Mode"},"sceneLighting":true,"audioPlay":false,"sceneViewState":{"showFog":true,"showMaterialUpdate":true,"showSkybox":true,"showFlares":true,"showImageEffects":true,"showParticleSystems":true},"in2DMode":false,"pivot":{"x":97.86491394042969,"y":131.6241912841797,"z":219.88462829589845},"rotation":{"x":0.020957058295607568,"y":0.06294432282447815,"z":-0.0013224971480667592,"w":0.9977961182594299},"size":650.7391357421875,"orthographic":true}