{"cameraMode":{"drawMode":0,"name":"Shaded","section":"Shading Mode"},"sceneLighting":true,"audioPlay":false,"sceneViewState":{"showFog":true,"showMaterialUpdate":true,"showSkybox":true,"showFlares":true,"showImageEffects":true,"showParticleSystems":true},"in2DMode":false,"pivot":{"x":16.366863250732423,"y":0.05276491865515709,"z":6.515748977661133},"rotation":{"x":-0.10613155364990235,"y":0.05574701353907585,"z":-0.005958965048193932,"w":-0.9927703738212586},"size":20.906414031982423,"orthographic":true}