{"cameraMode":{"drawMode":0,"name":"Shaded","section":"Shading Mode"},"sceneLighting":true,"audioPlay":false,"sceneViewState":{"showFog":true,"showMaterialUpdate":true,"showSkybox":true,"showFlares":true,"showImageEffects":true,"showParticleSystems":true},"in2DMode":false,"pivot":{"x":245.09788513183595,"y":188.6080780029297,"z":11.101478576660157},"rotation":{"x":0.019497457891702653,"y":0.011997932568192482,"z":-0.0002342287771170959,"w":0.9997379779815674},"size":562.6467895507813,"orthographic":true}