{"cameraMode":{"drawMode":0,"name":"Shaded","section":"Shading Mode"},"sceneLighting":true,"audioPlay":false,"sceneViewState":{"showFog":false,"showMaterialUpdate":false,"showSkybox":false,"showFlares":false,"showImageEffects":false,"showParticleSystems":false},"in2DMode":false,"pivot":{"x":319.650146484375,"y":189.36009216308595,"z":32.682159423828128},"rotation":{"x":-0.05229678377509117,"y":-0.08229357749223709,"z":-0.0043244631960988049,"w":0.995225727558136},"size":432.3985290527344,"orthographic":false}