{"cameraMode":{"drawMode":0,"name":"Shaded","section":"Shading Mode"},"sceneLighting":true,"audioPlay":false,"sceneViewState":{"showFog":true,"showMaterialUpdate":true,"showSkybox":true,"showFlares":true,"showImageEffects":true,"showParticleSystems":true},"in2DMode":false,"pivot":{"x":-0.8117167949676514,"y":-0.2820250988006592,"z":-1.0},"rotation":{"x":-0.12262076884508133,"y":0.03333381935954094,"z":-0.00412021717056632,"w":-0.9918851256370544},"size":446.13116455078127,"orthographic":true}