{"cameraMode":{"drawMode":0,"name":"Shaded","section":"Shading Mode"},"sceneLighting":false,"audioPlay":false,"sceneViewState":{"showFog":true,"showMaterialUpdate":true,"showSkybox":false,"showFlares":true,"showImageEffects":true,"showParticleSystems":true},"in2DMode":false,"pivot":{"x":-242.3055877685547,"y":143.63079833984376,"z":15.067096710205079},"rotation":{"x":0.029992863535881044,"y":0.013493850827217102,"z":-0.00040587494731880724,"w":0.9994589686393738},"size":546.5164794921875,"orthographic":true}